genepair	stat	globalCor	pval	nperm	globalCorMin	globalCorMax	fdr	sigCluster	startCor	branchpointCor	endCor
Acss1_Ivns1abp	0.22665313201709	-0.181291302677755	8.33333333333333e-06	60000	-0.280283800922374	-0.083221991391127	0.0112347870182556	2	-0.0465263464879758	0.148281187854603	-0.555175086537568
Apom_Ivns1abp	0.215731699284213	-0.100354397779969	7.8125e-06	64000	-0.192265477825668	-0.00141631897708411	0.0112347870182556	2	0.257379192827815	0.00401613669212764	-0.493963279213114
Bex1_Ivns1abp	0.217303901906592	-0.172780667387312	8.06451612903226e-06	62000	-0.271348587974505	-0.0747219572906327	0.0112347870182556	2	0.15963231013459	-0.0454089560988915	-0.576998978116311
Birc5_Rrm2	0.247262966649708	0.20603730700092	7.57575757575758e-06	66000	0.106193356516958	0.305806165722748	0.0112347870182556	1	-0.179723668848851	0.079744555144699	0.439868066023854
Ccna2_Lpp	0.21531874878878	-0.147504956939733	7.57575757575758e-06	66000	-0.247192186498961	-0.0479060706300747	0.0112347870182556	2	0.149761507046834	-0.053962694873781	-0.272906086981251
Ccnb1_H2afz	0.227092057878475	0.374511947717758	8.62068965517241e-06	58000	0.274636016977452	0.461818047536442	0.0112347870182556	7	-0.0725265215832749	0.268349816965214	0.530743328043747
Ccnb1_Lpp	0.259722796974002	-0.100645577130548	7.8125e-06	64000	-0.192265477825668	-0.00141631897708411	0.0112347870182556	8	0.344678661558944	-0.025461146224329	-0.275946002594492
Ccnb1_Malat1	0.258347405111833	0.018750147974943	7.8125e-06	64000	-0.0805893625539821	0.118310693314289	0.0112347870182556	8	0.493347591990098	0.0445269751636114	-0.279057009944376
Ccnb1_Rrm2	0.225949091296233	0.20817521364048	7.8125e-06	64000	0.10989758897137	0.305806165722748	0.0112347870182556	1	-0.284972338524354	0.242184194486373	0.464176908138347
Cdt1_Malat1	0.229351427339945	-0.0824062298246104	7.8125e-06	64000	-0.181291302677755	0.0158947174623861	0.0112347870182556	3	-0.481517872920783	-0.104051579021334	0.193462735760346
Dsg2_Nampt	0.228391787773806	-0.06549662511118	7.8125e-06	64000	-0.161249399707619	0.033877339285077	0.0112347870182556	2	0.170283231692338	0.0457144338314163	-0.360473619480712
Lpp_Tpx2	0.238350827812659	0.00891683755195908	8.06451612903226e-06	62000	-0.083221991391127	0.107699785608602	0.0112347870182556	8	0.429615515439195	0.114824787424115	-0.188432786950321
Malat1_Orc6	0.227308273388867	-0.0403525461054585	7.8125e-06	64000	-0.139541519737119	0.0577614668654508	0.0112347870182556	3	-0.514346403378508	-0.0951981832179432	0.200725259058938
Mcm5_Ube2c	0.218219470738637	-0.0738012439436285	7.57575757575758e-06	66000	-0.17293880180404	0.0231584761284172	0.0112347870182556	3	-0.458579514828321	-0.23151939260474	0.255304371021435
Pid1_Smc4	0.245489907794057	-0.0180501160653613	7.8125e-06	64000	-0.114246373774635	0.080898210554474	0.0112347870182556	2	0.139703715748606	0.126487996099628	-0.340313640693033
Rpa2_Ube2c	0.234201562942231	-0.101686613983464	7.93650793650794e-06	63000	-0.192265477825668	-0.00292910878269716	0.0112347870182556	3	-0.481756197248694	-0.306197577494636	0.105810178025991
Tipin_Ube2c	0.218839396967323	-0.115255783744206	7.57575757575758e-06	66000	-0.21424333476685	-0.0155206721437126	0.0112347870182556	3	-0.450239153408191	-0.182880562318927	0.124654710983801
Apom_Mcm5	0.217040971949491	0.0190992804972382	1.5625e-05	64000	-0.0805893625539821	0.118310693314289	0.0152898550724638	1	-0.203305092816711	-0.23095278868223	0.278084938503382
Ccne1_Rogdi	0.217292412730284	0.220695395655844	1.58730158730159e-05	63000	0.125702373005695	0.312512301797502	0.0152898550724638	1	-0.190509363242317	0.0746412265420115	0.482136263994704
Cdt1_Ube2c	0.218489139201871	-0.288557499617474	1.31578947368421e-05	38000	-0.365101624773709	-0.189919434490123	0.0152898550724638	3	-0.537135030040882	-0.462337067381776	-0.0174204904775755
Id2_Ivns1abp	0.219563934100355	0.0587549750500995	1.53846153846154e-05	65000	-0.0381559795481844	0.158312693405459	0.0152898550724638	2	0.0204946145657753	0.293920830481514	-0.404515246678525
Malat1_Tipin	0.230724087021256	0.10234901166873	1.5625e-05	64000	0.00514157712489368	0.198976737808897	0.0152898550724638	4	-0.37822555825757	0.110792987737063	0.269045171159726
Rrm2_Ube2c	0.222898455698688	0.119712877371442	1.5625e-05	64000	0.0218008170690466	0.218657493574795	0.0152898550724638	4	-0.309931013405154	0.0778688612312545	0.263847741979949
Apom_Krt8	0.218307633302484	0.374748884313101	1.75438596491228e-05	57000	0.277620782007378	0.461818047536442	0.0155473684210526	7	-0.0730628323506657	0.228122324806558	0.625191307023872
Ccna2_H2afz	0.197216632342986	0.523032145281534	1.72413793103448e-05	29000	0.427087135774034	0.601175636627959	0.0155473684210526	7	0.0936389481548227	0.401705783859004	0.638791104482542
Birc5_H2afz	0.20098847888394	0.596276650066381	3.125e-05	16000	0.507367296954526	0.643455655752506	0.0242528735632184	7	-0.0431061422031115	0.477594134959377	0.65967850763064
Ccne1_Malat1	0.212152409872723	0.129757151474396	3.07692307692308e-05	65000	0.0324937073103332	0.228021171283073	0.0242528735632184	4	-0.361122782024889	0.0337355507689821	0.160448577168226
Cdt1_Top2a	0.213390406022998	-0.107678406542206	3.17460317460317e-05	63000	-0.205524209407425	-0.0155206721437126	0.0242528735632184	3	-0.475230713854877	-0.197465989052012	0.017825794964148
Malat1_Mcm5	0.212720239071596	0.019635877395118	3.17460317460317e-05	63000	-0.0768072113534504	0.118310693314289	0.0242528735632184	4	-0.420285711345734	-0.0346896618082247	0.197386775677699
Malat1_Mcm6	0.209090854095777	0.129010297642543	4.61538461538462e-05	65000	0.0324937073103332	0.228021171283073	0.03245361328125	4	-0.330101650404006	0.210020136925371	0.187955978603587
Mfge8_Tax1bp3	0.209466231344028	0.189907949867679	4.6875e-05	64000	0.0934319974302716	0.289128020323188	0.03245361328125	1	-0.198108882926095	0.096502397870559	0.472523899120881
Rrm2_Tacc3	0.204782991215421	0.129952566742442	4.61538461538462e-05	65000	0.0324937073103332	0.228021171283073	0.03245361328125	1	-0.174719885441695	-0.0521550264889453	0.388954318144481
Apoa2_Ivns1abp	0.206016397150518	-0.109858187882062	6.34920634920635e-05	63000	-0.205524209407425	-0.0155206721437126	0.0390740740740741	2	0.165244689915462	-0.0272409590616392	-0.539821655008036
Apom_Gstm1	0.161755705954965	0.601175636627959	6.25e-05	16000	0.507367296954526	0.643455655752506	0.0390740740740741	6	0.231691010183279	0.547258494482297	0.692595440410873
Cul2_Slc16a7	0.203364765344836	0.112492053524701	6.25e-05	64000	0.0158947174623861	0.212309324347294	0.0390740740740741	4	-0.206742032812277	-0.158004877086688	0.264751934553185
Malat1_Slbp	0.205376748116037	-0.0613462592464462	6.25e-05	64000	-0.161249399707619	0.033877339285077	0.0390740740740741	3	-0.392133091456154	-0.0604531545216898	0.0803514945523443
Fastkd2_Foxn3	0.200742086577483	0.0126152393518998	7.8125e-05	64000	-0.083221991391127	0.11124517690029	0.0467799831081081	8	0.184646141764418	0.0256242229999229	-0.288555629567914
Fignl1_Id2	0.202523550475864	0.0605527601788209	9.23076923076923e-05	65000	-0.0381559795481844	0.158312693405459	0.0511269230769231	1	0.00828938840086106	-0.212609674331967	0.307200878279347
Gstm1_Mcm7	0.198456572776952	0.0287018383523489	9.23076923076923e-05	65000	-0.071026205788179	0.127294848422419	0.0511269230769231	4	-0.249189988175254	-0.0945170372723833	0.0938035121811816
Ivns1abp_Krt8	0.203747265945645	-0.0887390273266873	9.23076923076923e-05	65000	-0.188554707970787	0.0101668945333551	0.0511269230769231	2	0.223035487036892	0.0725781645747967	-0.470060963092893
Acss1_Psmf1	0.202030863343431	0.00185485486794274	0.000107692307692308	65000	-0.0973291715417416	0.0987481408163128	0.0532206588881263	2	0.13985449271761	0.116586744578644	-0.415600896315491
Apom_Cbx5	0.204100804790403	-0.0166140082003738	0.000107692307692308	65000	-0.114246373774635	0.0833267664851154	0.0532206588881263	1	-0.184657134403102	-0.264022091166292	0.257041861075828
Apom_Igf2r	0.203078467744965	-0.0507959550099634	0.000106060606060606	66000	-0.148088022386886	0.0491596613414534	0.0532206588881263	5	0.220229138202067	-0.188758935513444	0.0454207233977233
Bub3_Orc6	0.196554823601548	0.0107232803191382	0.000111111111111111	63000	-0.083221991391127	0.10989758897137	0.0532206588881263	1	-0.273227042535093	-0.124359220160964	0.224891104141361
Ivns1abp_Tmem150a	0.198438010894696	-0.0587189310042755	0.000111111111111111	63000	-0.157363180159096	0.0399486407684308	0.0532206588881263	2	0.170413729680065	0.119211463275207	-0.426092491253038
Malat1_Mcm7	0.196791849672618	0.0382278909533332	0.000112903225806452	62000	-0.0608849307971989	0.135789758614439	0.0532206588881263	4	-0.329303534212268	-9.01810605554426e-05	0.165855395025134
Tipin_Tmem150a	0.198696618920608	0.0888513999401386	0.000107692307692308	65000	-0.00523292404494763	0.188263705306708	0.0532206588881263	4	-0.252371622785209	0.0175770129696459	0.19357719547234
Acss1_Bex1	0.193077960792694	0.0245816858789676	0.000126984126984127	63000	-0.0747219572906327	0.120106004832022	0.0574149659863946	3	-0.31230355976178	0.0233023621871738	0.408991375558699
Apom_Serpina1b	0.156171012018925	0.71931388391909	0.000125	4000	0.638859509850449	0.71931388391909	0.0574149659863946	6	0.35951639501754	0.838785163541212	0.829549750271316
Fth1_Tspan12	0.186029705024366	0.351080314261675	0.000133333333333333	60000	0.252288708566574	0.448203646031922	0.05908	8	0.530997531072625	0.411151253589065	0.136639379669796
Akr1c13_Tex30	0.195584815738851	0.0858941980040786	0.000142857142857143	63000	-0.00523292404494763	0.18524271954446	0.0597169811320755	4	-0.190204435870184	-0.0723331762911062	0.285266254657623
Casp8ap2_Malat1	0.192785232711509	0.0423342618797818	0.000142857142857143	63000	-0.0546457771396647	0.138961104587453	0.0597169811320755	4	-0.349522228532081	0.00154736736871163	0.141012499524962
Rrm2_Tubb4b	0.194037699713754	0.00483714628688021	0.000142857142857143	63000	-0.0937406687442643	0.0987481408163128	0.0597169811320755	4	-0.13429549476221	-0.0661430656551563	0.0985686344693703
Apoa2_Prom1	0.195034676533675	0.0644610655397366	0.000158730158730159	63000	-0.034437435487342	0.158312693405459	0.0616959064327485	1	-0.157282086707449	-0.0683592339956584	0.500785871439835
Ccnb1_Ivns1abp	0.197502813945353	0.0620171378836703	0.00015625	64000	-0.0373918104394158	0.158312693405459	0.0616959064327485	8	0.240322794333765	0.161436305591023	-0.310727834310184
Cs_Gpi1	0.195826580173254	0.101444553479646	0.00015625	64000	0.00514157712489368	0.198976737808897	0.0616959064327485	1	0.0121965650296486	-0.0246095064212053	0.407806391439899
Gmnn_Rpa2	0.196967263976793	0.121365779570871	0.00015625	64000	0.0218008170690466	0.218657493574795	0.0616959064327485	8	0.389679346544275	0.235224603370379	-0.17648911724834
Birc5_Lpp	0.192533134066727	-0.178476863432997	0.000166666666666667	60000	-0.271348587974505	-0.0805893625539821	0.0636637931034483	5	0.250244224240435	-0.187580722229288	-0.0974568119086357
Dhfr_Vcam1	0.195407473499687	-0.0841160250767615	0.000174603174603175	63000	-0.181291302677755	0.0101668945333551	0.0655649717514124	2	0.213379420036674	-0.124821861487518	-0.284583902079934
Apoa2_Mcm7	0.195638452315055	-0.0985946002485626	0.000184615384615385	65000	-0.192265477825668	0.00129016481670013	0.0680993852459016	1	-0.193739996973218	-0.326529769640899	0.106258578464061
Tex30_Zfp638	0.192689171141071	-0.0398097651801089	0.0001875	64000	-0.139541519737119	0.0577614668654508	0.0680993852459016	2	0.159187999954727	0.0695621058316687	-0.177182934564634
Ccnb1_Tacc3	0.177834162370156	0.408084326105324	0.000196078431372549	51000	0.308298682166078	0.507367296954526	0.0700664136622391	7	0.187188492791146	0.259418063362674	0.628870002037829
Bub3_Ccnb1	0.193305120272462	0.145702224589036	0.000203125	64000	0.0465507084951929	0.244314316801013	0.0714322916666667	8	0.404375958745771	0.172572424971919	-0.0240036948363695
Nudt19_Nup98	0.193772365670274	-0.0946034289195515	0.000212121212121212	66000	-0.192265477825668	0.00514157712489368	0.0734303977272727	2	0.074625616637766	0.121141319462986	-0.299730526869508
Igf2r_Tug1	0.19064239811388	0.0401145493911207	0.000222222222222222	63000	-0.0546457771396647	0.138961104587453	0.0734825870646766	8	0.335184561508212	0.125906204650818	-0.123866859449972
Pgk1_Spc25	0.192037031111848	-0.106988975822573	0.000222222222222222	63000	-0.205524209407425	-0.0155206721437126	0.0734825870646766	2	0.0220824353919037	0.0902626584511394	-0.32416792454933
Tax1bp3_Tubg1	0.191708623038827	-0.0589935018239347	0.000222222222222222	63000	-0.157363180159096	0.0399486407684308	0.0734825870646766	2	0.195936681475361	-0.042488845537371	-0.374009253280896
Rpa2_Slbp	0.1924429205338	0.138048165446411	0.000230769230769231	65000	0.0399486407684308	0.235745905025353	0.0751866515837104	8	0.44963345216223	0.190075452125584	-0.0450863027555197
Lpp_Ube2c	0.19002506275423	0.0451476410055441	0.000234375	64000	-0.0546457771396647	0.143002454882219	0.0752547554347826	5	0.481774421020693	0.0327110135292003	0.097877852062726
Apoa2_Mcm5	0.190906972216928	-0.0191653612479155	0.000238095238095238	63000	-0.114246373774635	0.0786104737636451	0.0753571428571429	1	-0.200451906654021	-0.237553559396828	0.165786147467736
Id2_Myc	0.189020160325535	-0.000818411864003695	0.000246153846153846	65000	-0.0973291715417416	0.0987481408163128	0.0757435897435897	2	0.183561394487227	0.0469403170553765	-0.443815079361137
Kif22_Lpp	0.188511618537276	0.00152975170953022	0.000246153846153846	65000	-0.0973291715417416	0.0987481408163128	0.0757435897435897	8	0.294689345113415	0.0922733279588355	-0.161038666817311
Bub3_Top2a	0.185878388107169	0.275839252036577	0.00026984126984127	63000	0.176663529892352	0.374511947717758	0.0786622807017544	8	0.638217765232547	0.301609846839711	0.149761277038167
Fth1_Sec61a1	0.188643661902633	-0.0139893302556901	0.000261538461538462	65000	-0.111574167161683	0.0846485581851611	0.0786622807017544	4	-0.244963159144327	0.00624959828563191	0.174305539187275
H3f3b_Rpa1	0.189275654243434	-0.0112711851529628	0.000265625	64000	-0.109647400888592	0.0846485581851611	0.0786622807017544	1	-0.103841966950058	-0.143392137093744	0.318676857984249
H3f3b_Xist	0.18805435360343	-0.0232339212635488	0.00026984126984127	63000	-0.123021155381288	0.0700259835165631	0.0786622807017544	1	-0.123744098904987	-0.183179952732101	0.236830557949273
Slbp_Ube2c	0.186832435844449	-0.170795947942503	0.000274193548387097	62000	-0.261433825075419	-0.071026205788179	0.0788929618768329	3	-0.46929824282986	-0.244337890079726	0.138837028375051
Bex1_Ube2c	0.187883660875315	0.053477172634371	0.000290322580645161	62000	-0.0447794263413421	0.152034845404614	0.0819756572541383	4	-0.206664118589655	-0.100801962011779	0.262262704666129
Gm15772_Znrf3	0.186346814122211	-0.130925402606691	0.000292307692307692	65000	-0.229292430644365	-0.034437435487342	0.0819756572541383	3	-0.448161543865254	-0.0941870975730647	0.23880884651535
H3f3b_Ivns1abp	0.186771109689851	-0.0253322501273026	0.000301587301587302	63000	-0.123021155381288	0.0700259835165631	0.0835208333333333	2	0.141672953119327	0.0733420150327234	-0.354258063341432
Apoe_Mat2b	0.18602748718997	-0.0459361928511936	0.000317460317460317	63000	-0.141586842651131	0.0491596613414534	0.0847389558232932	2	0.079308266563927	0.0924551849303274	-0.27331609100078
Orc6_Rpa2	0.18993567095643	0.191124083041241	0.0003125	64000	0.0934319974302716	0.289128020323188	0.0847389558232932	8	0.484971456490768	0.374707357525886	0.0183630319571033
Rogdi_Spc24	0.185917962246122	-0.0459183475147807	0.000317460317460317	63000	-0.141586842651131	0.0491596613414534	0.0847389558232932	5	0.148695899752705	-0.151491398506788	0.0344803072274312
Mcm7_Serpina1b	0.187256686497855	-0.0134237567719518	0.000323076923076923	65000	-0.111574167161683	0.0846485581851611	0.0852115384615384	4	-0.257366557895967	-0.198052533562389	0.139659424873514
Ddx52_Tmem150a	0.186748211301215	-0.123187240690477	0.000328125	64000	-0.222644601114326	-0.0252956760219812	0.0855248161764706	2	-0.00380867366325341	0.0797411277985651	-0.292859844090443
Exosc2_Gm13394	0.185582015502584	0.0252651092576305	0.000333333333333333	63000	-0.0747219572906327	0.120106004832022	0.0858720930232558	3	-0.278643265912074	-0.0911122446433452	0.288153965435826
Mcm7_Zwint	0.184272013382384	0.0297301537773277	0.00034375	64000	-0.0701901252742616	0.127294848422419	0.0875377155172414	4	-0.309795484066865	-0.0316643099439602	0.205635215398102
Idh3a_Myc	0.18566048685305	0.000719820797485115	0.000353846153846154	65000	-0.0973291715417416	0.0987481408163128	0.0890847902097902	3	-0.227180393335547	0.0515939938643008	0.238701516469514
Acss1_Apoa2	0.189319945859826	0.152015409889709	0.000365079365079365	63000	0.0577485687510137	0.249850611564979	0.0908801498127341	1	-0.253225663387576	0.187569411546635	0.562332524290332
Cdt1_Gmnn	0.185998390049849	0.195714398288827	4e-04	65000	0.0977452682472098	0.292191764218228	0.0984666666666667	8	0.363975345236003	0.375629073754159	-0.133443312346101
Bub3_Tipin	0.182275675779781	0.0281843235963759	0.000415384615384615	65000	-0.071026205788179	0.127294848422419	0.101130177514793	4	-0.30064076351876	0.0869249344787751	0.140908801391049
Apom_Mcm7	0.183737232517916	-0.103813919433077	0.000435483870967742	62000	-0.203103781055744	-0.00523292404494763	0.102963942307692	1	-0.220975165894783	-0.320001431824785	0.097876413641363
Atp7a_Nt5e	0.184222342296945	0.0587804179059752	0.000446153846153846	65000	-0.0381559795481844	0.158312693405459	0.102963942307692	4	-0.178381409446661	0.142512786959011	0.29301960336128
Bex1_Ccnb1	0.184640035943775	0.0792882431743355	0.000430769230769231	65000	-0.0201652301465332	0.17682979188804	0.102963942307692	3	-0.217187808191873	0.0192459145205573	0.377499790484913
Dhfr_Psmf1	0.182800942177983	0.0735994679616138	0.000444444444444444	63000	-0.0252956760219812	0.170167297378573	0.102963942307692	2	-0.113840584024277	0.28563878718124	-0.276299262630023
Lpp_Orc6	0.184846790113178	0.0604230722884541	0.000446153846153846	65000	-0.0381559795481844	0.158312693405459	0.102963942307692	4	-0.37381544699095	0.0258766131307135	0.125377877751382
Apoa2_Igf2r	0.183026208830826	-0.0650739910052437	0.00046875	64000	-0.161249399707619	0.033877339285077	0.105970982142857	5	0.11078390593587	-0.207714307193667	0.269360610270995
Gpx1_Nt5e	0.180591568867725	0.0337476513947102	0.000467741935483871	62000	-0.0626701711844816	0.127294848422419	0.105970982142857	4	-0.164634537491312	0.108781367811849	0.301010038411542
Acss1_Arhgap5	0.181446187055112	-0.0111538653175357	0.000523076923076923	65000	-0.109647400888592	0.0888365582742111	0.106998579545455	2	0.217787897583712	0.0392766401037846	-0.421608910473472
Acss1_H3f3b	0.183990004439921	0.112547356398931	0.00053125	64000	0.0158947174623861	0.212309324347294	0.106998579545455	4	-0.246147175905507	0.14267311393575	0.274736148491915
Apoa2_Apom	0.10062164422424	0.851594471974164	5e-04	1000	0.851594471974164	0.851594471974164	0.106998579545455	6	0.524736835742901	0.889704291189376	0.829446950850688
Eno1b_Gnb1	0.160037987143691	-0.465139400347224	5e-04	1000	-0.465139400347224	-0.465139400347224	0.106998579545455	3	-0.591903090774575	-0.595030084266865	-0.16330520550833
Fam107b_Znrf3	0.180668046131378	-0.00950060974510852	0.00053125	64000	-0.108248750561421	0.0888365582742111	0.106998579545455	5	0.188901012542295	-0.146197638526436	0.140737170816069
Fignl1_H3f3b	0.182427688509283	-0.0174735880186765	0.000484375	64000	-0.114246373774635	0.080898210554474	0.106998579545455	1	-0.00416973525136563	-0.189616405497422	0.277918740364599
Gm13394_Gm15772	0.181699824620384	-0.00624922478798504	0.000515625	64000	-0.102807336447492	0.0934319974302716	0.106998579545455	1	0.0798278855052865	-0.144248309442937	0.366687600675917
H3f3b_Tacc3	0.179942068998325	0.270542014105943	0.00053125	64000	0.174563434163607	0.369606600442211	0.106998579545455	7	-0.0304761139117141	0.224618731835022	0.538812126872384
Nudt19_Spc25	0.182354374602875	0.0843789345874777	0.000523809523809524	63000	-0.0155206721437126	0.17682979188804	0.106998579545455	4	-0.242583092180135	-0.0271107873236519	0.17768364907495
Orc6_Smc4	0.180192788151911	-0.109627612000688	0.000523809523809524	63000	-0.205524209407425	-0.0155206721437126	0.106998579545455	3	-0.3301579227911	-0.151454789477513	0.237105910568227
Rfc2_Zwint	0.185365094631257	0.117994954540331	5e-04	64000	0.0181138998915498	0.217817525957897	0.106998579545455	4	-0.188650735405456	0.158694661594763	0.194355534616915
Tex30_Tubb6	0.18203679483038	0.0646927015401055	0.000507936507936508	63000	-0.034437435487342	0.158312693405459	0.106998579545455	9	-0.32403944450274	0.0500018581253109	-0.0246316953842687
Ccna2_Ccnb1	0.149415712975764	0.579589316968865	0.000555555555555556	18000	0.480540279044522	0.643455655752506	0.10796783625731	6	0.414120774150388	0.454360978801369	0.721850832006711
Cdca7_H2afz	0.17627115461239	-0.220447857870553	0.000543859649122807	57000	-0.315623220987812	-0.121647947909993	0.10796783625731	2	0.153025808948707	-0.178296464325327	-0.355030821168676
Ddx3y_H3f3b	0.180287816163206	-0.0901760186241705	0.000553846153846154	65000	-0.189919434490123	0.00907391184969209	0.10796783625731	2	0.131550765874901	0.103890636857929	-0.25048501394214
Nampt_Tubb5	0.182549370810275	0.151677055243861	0.000555555555555556	63000	0.0577485687510137	0.249850611564979	0.10796783625731	9	-0.23066417218452	0.257774456465649	-0.114996301129728
Casp8ap2_Tubb5	0.18315246642356	0.120670164823768	0.0005625	64000	0.0218008170690466	0.218657493574795	0.108366847826087	4	-0.147838507334399	-0.057552438687478	0.223695516998208
Casp8ap2_Rangap1	0.179391533818236	-0.102614394790434	0.000571428571428571	63000	-0.192265477825668	-0.00292910878269716	0.109137931034483	8	0.344766646031582	-0.0361639584354964	-0.286353822865124
Eno1b_Rrm1	0.17903344255057	-0.0983346944083317	6e-04	65000	-0.192265477825668	0.00129016481670013	0.113615384615385	4	-0.211144437225075	-0.0977809395455229	0.0618273219813044
Krt8_Reep6	0.181226718097788	0.169002403289761	0.000640625	64000	0.0698316283675122	0.261461211482785	0.120280058262712	1	-0.141614461131248	0.12533705233445	0.510407284286338
Birc5_Ccna2	0.135369312611932	0.638859509850449	0.000666666666666667	12000	0.55609867022207	0.71931388391909	0.123083333333333	6	0.317616323759601	0.60341959450364	0.676078783940612
Gmnn_Tipin	0.180580776982223	0.171004261324986	0.000666666666666667	63000	0.0773208390064423	0.270288645666181	0.123083333333333	8	0.506404645534281	0.276586000966292	-0.0477727265367748
Tug1_Zwint	0.179037697623946	0.0699424108024712	0.000682539682539683	63000	-0.0295578844406688	0.166220297674346	0.124972451790634	1	0.0368438411793845	-0.213805385942423	0.364112257749577
Cdca7_Nasp	0.179977982757767	0.119937269225346	0.000703125	64000	0.0218008170690466	0.218657493574795	0.12664824695122	8	0.367440250867526	0.1889155634609	-0.210529242655277
Orc6_Ube2c	0.17513023032454	-0.186440830695109	7e-04	60000	-0.282165865511184	-0.0931768621255174	0.12664824695122	3	-0.487698654694533	-0.325166642527216	0.0402394903784364
Mat2b_Vcam1	0.177033934018581	-0.0525025699051299	0.00075	64000	-0.148088022386886	0.0465507084951929	0.134002016129032	2	0.00707825925045778	-0.0288045771656397	-0.246116720628872
Bex1_Tmpo	0.175455841346237	-0.0406483193050143	0.00078125	64000	-0.139541519737119	0.0577614668654508	0.135733308327082	3	-0.245165756153499	-0.184223036692383	0.300765966812263
Gypc_Wsb1	0.177108850716887	-0.0690287649154325	0.000770491803278689	61000	-0.161249399707619	0.0231584761284172	0.135733308327082	2	0.149019641914505	0.154208729239592	-0.299372143698632
Krt8_Spc25	0.176147120589023	-0.0554535878137201	0.000790322580645161	62000	-0.148088022386886	0.0434733597397196	0.135733308327082	5	0.17232443744288	-0.213973061996346	0.163210849232392
Mcm5_Serpina1b	0.176324808525576	-0.0166717846855917	0.000784615384615385	65000	-0.114246373774635	0.0833267664851154	0.135733308327082	1	-0.246235111454747	-0.147668356433979	0.214303840949681
Mcm7_Ube2c	0.174366466131604	-0.174478447957522	0.000774193548387097	62000	-0.271348587974505	-0.0747219572906327	0.135733308327082	3	-0.328930301002459	-0.318907661188772	0.113499726823748
Mcm6_Rrm2	0.178303578192745	0.167174051396689	0.0008125	64000	0.0698316283675122	0.261461211482785	0.137411736641221	8	0.345559814192842	0.308044973486423	-0.0157135953254872
Slbp_Zfp638	0.175458136353634	-0.0358965125972173	0.00080952380952381	63000	-0.129965464856879	0.0624471928225704	0.137411736641221	8	0.244724914207473	0.061096124599108	-0.095358344411788
Bub3_Xpo1	0.176013568107167	-0.00885535065025932	0.000828125	64000	-0.108248750561421	0.0888365582742111	0.138993252840909	1	-0.213356580278177	-0.197276078501308	0.189824064834423
Dennd5b_Rad21	0.173998156103433	-0.0256101779904455	0.000875	64000	-0.125573568547824	0.0700259835165631	0.144668843283582	2	0.140003370429662	0.0541316456989887	-0.228983551215312
Mfge8_Tsc22d1	0.175131240976297	0.0543540677295891	0.000870967741935484	62000	-0.0447794263413421	0.152034845404614	0.144668843283582	1	0.0371353379694395	-0.184516720209663	0.399522169586338
Apom_H2afz	0.176352511217446	0.156773930684473	0.000939393939393939	66000	0.0577485687510137	0.254114586848658	0.148018318965517	1	-0.034229121070173	-0.0859977808261422	0.363115821649657
Cbx5_Zfp638	0.173691504928211	-0.0705320136500922	0.000952380952380952	63000	-0.170287090824988	0.0231584761284172	0.148018318965517	2	-0.0776990959164856	0.219235497760716	-0.238256336483499
Cdt1_Lpp	0.173508243738375	-0.0044655745791946	0.00096875	64000	-0.102807336447492	0.0934319974302716	0.148018318965517	9	-0.404642355746848	-0.0057311072033063	-0.11187357724215
Gpi1_Spc25	0.172739000123265	-0.148703951522879	0.000938461538461539	65000	-0.247192186498961	-0.0494049022022559	0.148018318965517	2	0.0154525553124255	-0.046403834844969	-0.446217384358557
Ivns1abp_Onecut2	0.173727865051901	0.0460920303434326	0.00096875	64000	-0.050217483411788	0.145423589979897	0.148018318965517	8	0.332484681909327	0.00538100556878316	-0.0490031131818119
Kif22_Tex30	0.173058307091453	0.0138622926628104	0.0009375	64000	-0.083221991391127	0.11124517690029	0.148018318965517	3	-0.220868605387035	-0.0436162997604379	0.353626546891657
Prom1_Reep6	0.174681249131477	0.234583131174531	0.00096875	64000	0.135789758614439	0.3319066487483	0.148018318965517	7	0.22925023465734	0.069251257697215	0.573611816796906
Rogdi_Sec61a1	0.173512026765835	0.0302024367895215	0.000936507936507936	63000	-0.0667219459826967	0.127294848422419	0.148018318965517	2	0.230160311583684	0.168171875814089	-0.38998452286681
Spc24_Tsc22d1	0.172948348731009	0.0159261676592325	0.000953125	64000	-0.083221991391127	0.11124517690029	0.148018318965517	4	-0.219637385937502	0.11109144244131	0.0585549171432364
Tex30_Ube2c	0.173813679085195	0.0447516865609775	0.0009375	64000	-0.0546457771396647	0.143002454882219	0.148018318965517	4	-0.320534218110667	-0.0477458694350328	0.205492998680222
Tubg1_Zkscan1	0.17401051632451	0.0389153781214762	0.000904761904761905	63000	-0.0608849307971989	0.138706322655697	0.148018318965517	9	-0.143403263190032	0.0372794779420115	-0.160634551121838
Cdca7_Lpp	0.174330755312699	0.0784657675208517	0.001	65000	-0.0201652301465332	0.17682979188804	0.148691275167785	4	-0.249516617819749	-0.071039818108736	0.259261447594692
Ddx3y_R3hdm1	0.172517425050464	0.0158535495080871	0.001	64000	-0.083221991391127	0.11124517690029	0.148691275167785	5	0.33783684432145	-0.204332550235459	0.304698205315287
Gstm1_Ivns1abp	0.173226336131987	-0.0920663874784398	0.001	65000	-0.191826411875312	0.00514157712489368	0.148691275167785	2	0.254660888877268	0.0519189426778225	-0.407471230730445
Ppat_Supt16	0.17200851767381	-0.040608034783211	0.001	64000	-0.139541519737119	0.0577614668654508	0.148691275167785	2	0.0330043818860122	0.135603787683611	-0.337113769816492
Acss1_Apom	0.17483255459496	0.103896785401172	0.0010625	64000	0.00514157712489368	0.198976737808897	0.149268068599428	1	-0.194086890889008	0.110468768803901	0.511473193630027
Acss1_Slbp	0.171761249739203	-0.0230079392311522	0.00106451612903226	62000	-0.121647947909993	0.0700259835165631	0.149268068599428	1	-0.221447406604829	-0.141096115865732	0.170536920252131
Apoa2_Krt8	0.161925301117913	0.379321177537775	0.00105263157894737	57000	0.282871021329241	0.477553570463106	0.149268068599428	7	0.206368405928427	0.253472206844641	0.643713379640275
Bex1_Dhfr	0.171279339685044	-0.0299458879927742	0.00106153846153846	65000	-0.126625913336686	0.0700259835165631	0.149268068599428	1	-0.0454475474841882	-0.106160052719594	0.423279513631674
Birc5_Ccnb1	0.155134170213164	0.477553570463106	0.00105263157894737	38000	0.378701361298801	0.571664397423063	0.149268068599428	6	0.2423654377261	0.449291004165048	0.646753466066461
Ccne1_Pgk1	0.172199818155157	-0.0184594986838623	0.00103125	64000	-0.114246373774635	0.080898210554474	0.149268068599428	8	0.122429988251942	0.129970365936616	-0.190211862308218
Clk1_Sec61a1	0.173021953193053	0.0535006719387562	0.00104838709677419	62000	-0.0447794263413421	0.152034845404614	0.149268068599428	1	-0.164151348554225	-0.13165211298428	0.343625523557481
Lpp_Tacc3	0.17053287369033	-0.192038082301278	0.00106349206349206	63000	-0.291416640546513	-0.0931768621255174	0.149268068599428	2	-0.00828144877146622	-0.168796314335118	-0.286134378242964
Mcm7_Rogdi	0.174989851535462	0.141372698614177	0.00103076923076923	65000	0.0434733597397196	0.239995568702602	0.149268068599428	4	-0.151401319756676	0.0176268737798348	0.19970002981672
Malat1_Pgk1	0.172331528281514	0.0258041797664982	0.00107936507936508	63000	-0.071026205788179	0.125702373005695	0.150398322851153	2	-0.0659047051613131	0.21481522130132	-0.334061143130833
Exosc2_Spint2	0.171324543874875	0.0143815742837748	0.00109375	64000	-0.083221991391127	0.11124517690029	0.150714285714286	4	-0.21826177630827	-0.0369947279995907	0.129478282022259
Pgk1_Pid1	0.171867719859185	0.0243995220983571	0.0010952380952381	63000	-0.0747219572906327	0.120106004832022	0.150714285714286	8	0.121554178234045	0.137863588635395	-0.221748835223012
Dhfr_Ube2c	0.171902148830713	-0.00564142323095293	0.001109375	64000	-0.102807336447492	0.0934319974302716	0.151717303240741	3	-0.200978304882742	-0.0624818042762245	0.414489147905521
Gstm1_Reep6	0.17087309405026	0.245022299603056	0.00112307692307692	65000	0.145423589979897	0.344371527889434	0.151977896341463	7	-0.0423363370013151	0.154139899052002	0.507283134756021
Ivns1abp_Prom1	0.170937946614286	-0.0639704071316325	0.001125	64000	-0.161249399707619	0.033877339285077	0.151977896341463	2	0.0773841601746645	-0.0481364494363945	-0.400483860922163
Apoe_Dhfr	0.170211293585678	-0.113934345417159	0.00118461538461538	65000	-0.21113665605252	-0.0155206721437126	0.155254530809505	5	0.258304768395069	-0.0632505411123026	-0.0940384561387477
Apoe_Igf2r	0.169235707357715	-0.0524186438180398	0.001234375	64000	-0.148088022386886	0.0465507084951929	0.155254530809505	5	0.333883664274346	-0.119731836830787	-0.0387509551621625
Apoe_Spc24	0.170375572140041	-0.0853793335455927	0.00115873015873016	63000	-0.181291302677755	0.0101668945333551	0.155254530809505	1	0.0824281987106751	-0.238760139101543	0.208659917611816
Apom_Bex1	0.14486398809194	0.55609867022207	0.00118181818181818	22000	0.458800948877175	0.643455655752506	0.155254530809505	6	0.149621060960265	0.491752129470468	0.626517152063562
Atp7a_Xist	0.169684157112361	-0.0126938648440159	0.00130769230769231	65000	-0.111574167161683	0.0846485581851611	0.155254530809505	2	0.0710773897741975	0.144968651981137	-0.264695182522633
Bag2_Cs	0.168701857311628	-0.0518622580322566	0.00130769230769231	65000	-0.148088022386886	0.0476136544740025	0.155254530809505	1	0.045707620899175	-0.222135692720658	0.298414411634985
Bex1_Prom1	0.172028526653536	0.112238508398439	0.0013015873015873	63000	0.0158947174623861	0.210894772235201	0.155254530809505	1	-0.0487496190076609	0.0529274136172944	0.493315427874063
Bub3_Ube2c	0.162947422909286	0.311364899672105	0.00120634920634921	63000	0.212309324347294	0.408458371423998	0.155254530809505	8	0.460072687033183	0.407197149652237	0.124608229992696
Ccna2_Ddx39	0.173370388571626	0.116047692633339	0.00122222222222222	63000	0.0181138998915498	0.212309324347294	0.155254530809505	1	0.0367857228492134	-0.0499141296797928	0.244083191865159
Cdca8_Prmt7	0.170405672081231	0.0361126001856622	0.00126984126984127	63000	-0.0626701711844816	0.135789758614439	0.155254530809505	2	-0.0143582007101757	0.236358536726918	-0.115088117479657
Cenpa_Dhfr	0.17030019542276	0.0759448045511615	0.0013125	64000	-0.0223372372804273	0.175678149286664	0.155254530809505	4	-0.269566975541755	0.0463608975875362	0.232108726656511
Cs_H2afz	0.172366052415439	0.133528878171478	0.00121875	64000	0.033877339285077	0.231556314757811	0.155254530809505	8	0.208919804145945	0.328578143690097	-0.228395669085152
Ddx52_Lpp	0.169084745400788	-0.109878860202462	0.0013015873015873	63000	-0.205524209407425	-0.0155206721437126	0.155254530809505	5	0.18858063316395	-0.28645430569122	0.095960970490096
Dkc1_Fubp1	0.170087676083765	0.0328599784230447	0.0013015873015873	63000	-0.0667219459826967	0.127294848422419	0.155254530809505	4	-0.189655998692332	-0.0849085845969172	0.112841206074108
Eif2s3x_Slbp	0.17055402284007	0.0179186613100032	0.00122222222222222	63000	-0.0805893625539821	0.11124517690029	0.155254530809505	1	-0.118185954811289	-0.167656500822798	0.261480721806288
Eif2s3x_Tsc22d1	0.171509793664437	0.0953432152914391	0.00129230769230769	65000	-0.00319537533689698	0.189022927193501	0.155254530809505	4	-0.288612699372422	-0.0689442088983814	0.212634384968108
Ezh2_Ppat	0.168772504694709	-0.0469268740518561	0.001296875	64000	-0.146362678722811	0.0491596613414534	0.155254530809505	8	0.261285267480104	0.126817156475736	-0.248563382023126
Fam46a_Ivns1abp	0.169627172065534	0.037237563125669	0.00133333333333333	63000	-0.0626701711844816	0.135789758614439	0.155254530809505	2	-0.113939333007702	0.251992918964891	-0.244017615999003
Gmfb_Rrm1	0.169973101901056	0.00979973998814787	0.0012741935483871	62000	-0.083221991391127	0.107699785608602	0.155254530809505	9	-0.263729261676078	0.191938357982073	-0.0431398094992651
Igf2r_Serpina1b	0.168677379926487	-0.11163830436087	0.00133846153846154	65000	-0.21113665605252	-0.0155206721437126	0.155254530809505	5	0.160869059957973	-0.30535914465083	-0.0582999698487694
Kif22_Mcm5	0.168854343937183	-0.10350401131359	0.00130645161290323	62000	-0.203103781055744	-0.00523292404494763	0.155254530809505	1	-0.200950091740419	-0.264848777313914	0.183850651845014
Mcm6_Tex30	0.17110265661253	0.186347716910064	0.00133333333333333	63000	0.0888365582742111	0.282877558729709	0.155254530809505	8	0.32779507990504	0.295349613998733	-0.19425941393744
Nasp_Rad21	0.170271224250589	0.0216068152929939	0.001265625	64000	-0.0768072113534504	0.120106004832022	0.155254530809505	2	0.0887399360018289	0.305433646972365	-0.0541852125837988
Psmf1_Spc24	0.170373613380931	-0.0608121359595543	0.00119047619047619	63000	-0.159998282607228	0.033877339285077	0.155254530809505	8	0.235534264065821	0.0327391485439424	-0.352950202637389
Ptcd3_Top2a	0.168756879142148	-0.0736798603187212	0.00131818181818182	66000	-0.17293880180404	0.0231584761284172	0.155254530809505	5	0.18321267365851	-0.314020377426134	0.151299731171716
Rangap1_Slc19a2	0.16889283216432	-0.134215658593625	0.00126153846153846	65000	-0.229292430644365	-0.034437435487342	0.155254530809505	2	0.0874274707429837	-0.00541493583188676	-0.29366770050389
Rfc2_Zmynd8	0.170920124792434	0.0427084838849545	0.00120634920634921	63000	-0.0546457771396647	0.138961104587453	0.155254530809505	5	0.461538111260072	0.0967311493861875	0.0314148296466305
Gpi1_Malat1	0.170494016913588	0.119557923311699	0.001390625	64000	0.0218008170690466	0.218657493574795	0.160465087890625	2	-0.0304695783174402	0.309647981164578	-0.25034916498252
Casp8ap2_Gyg	0.169913003124322	0.0932263343452758	0.00145454545454545	66000	-0.00523292404494763	0.189022927193501	0.166769759450172	8	0.25964723112502	0.184164377403025	-0.374676120041884
H2afz_Tpx2	0.170777034322894	0.150271160770226	0.00146031746031746	63000	0.0577485687510137	0.249850611564979	0.166769759450172	1	-0.212864904905051	0.155286354053892	0.38831446703853
AW549877_Cs	0.167091822139222	-0.0616439759974925	0.00146875	64000	-0.161249399707619	0.033877339285077	0.166872596153846	1	-0.243156561967462	-0.23312575134399	0.229052947016722
Ddx39_Fth1	0.16876213029539	-0.00700173258781054	0.00149206349206349	63000	-0.102807336447492	0.0888365582742111	0.168656462585034	2	-0.137862711833554	0.251757183384176	-0.156838726019372
H2afz_Tacc3	0.155517046781872	0.417067067721462	0.0015	50000	0.321504937857591	0.510246580144466	0.168692893401015	7	0.0305348728234365	0.329750365733031	0.593496459529636
Alg8_Apoa2	0.166757953988564	-0.0676020214348993	0.00155737704918033	61000	-0.161249399707619	0.0231584761284172	0.17201605608322	5	0.203798757302857	-0.131937300042227	0.122820095162527
Id2_Rpa2	0.166558527841666	-0.0735332105244373	0.00156060606060606	66000	-0.17293880180404	0.0231584761284172	0.17201605608322	1	-0.0912263650885509	-0.250273530395685	0.293395133020657
Nmt2_Rrm2	0.166536484833734	-0.0502227840067621	0.00156060606060606	66000	-0.148088022386886	0.0491596613414534	0.17201605608322	5	0.284371662411175	-0.00504757600539328	-0.0592465615561008
Rrm2_Tsc22d1	0.166229699281935	-0.151635357230065	0.00153968253968254	63000	-0.247192186498961	-0.0546457771396647	0.17201605608322	3	-0.53396612250361	-0.0907503284030221	0.0201431840833652
Rrm2_Shcbp1	0.160232331576769	0.319003057029808	0.00157142857142857	63000	0.222557494670252	0.417067067721462	0.172351485148515	7	0.0566224163053949	0.294742503011111	0.412987903672862
Gpx1_Tmpo	0.169232659444375	0.0618627138834244	0.001609375	64000	-0.0373918104394158	0.158312693405459	0.175643857758621	1	-0.168911924835282	0.178543286373189	0.420013885961154
Apom_Ppat	0.165666236863615	-0.0344888512585909	0.001625	64000	-0.129965464856879	0.0642131743814471	0.176479779411765	4	-0.189512249729209	-0.175514355309134	0.107808069036662
Gm6166_Id2	0.168422914874053	0.0497190507977219	0.00164615384615385	65000	-0.050217483411788	0.147225792271096	0.177540453074434	8	0.335607684707108	0.00277855065299061	-0.211114091894902
Gstm1_Pgk1	0.166142201304741	-0.105176879087421	0.00165079365079365	63000	-0.204130506302231	-0.00523292404494763	0.177540453074434	9	-0.15355556105795	-0.00447935398836774	-0.153344361797878
Ccna2_Tacc3	0.146640907059262	0.510236685700514	0.0016875	32000	0.412649021810535	0.601175636627959	0.179743088942308	6	0.316285454732317	0.431734737249695	0.661659282807836
Cdca7_Mat2b	0.16529460803747	-0.0582706773559643	0.00168253968253968	63000	-0.157363180159096	0.0399486407684308	0.179743088942308	4	-0.3272882389056	-0.161250589415134	0.049126439332727
Id2_Plk2	0.167628250353784	0.0378413008932209	0.00170967741935484	62000	-0.0608849307971989	0.135789758614439	0.181233986726347	8	0.178126520667544	0.212543709825723	-0.223541198168495
Dhfr_Sec61a1	0.16758338380767	0.0431885411031104	0.00171875	64000	-0.0546457771396647	0.143002454882219	0.181328125	2	0.168132344854337	0.0998905990350404	-0.334586071604456
Bex1_Ddx39	0.167141953330707	0.0316929640962433	0.00173015873015873	63000	-0.0667219459826967	0.127294848422419	0.181666666666667	1	-0.290755711314603	-0.094275382703043	0.250254490238622
Krt8_Plk2	0.166335224141649	0.0189904416137697	0.00175	64000	-0.0805893625539821	0.118310693314289	0.182424702058505	8	0.165345012142863	0.146756967729669	-0.285047254993776
Mcm7_Tubb4b	0.165421668828569	-0.130335269699573	0.00175384615384615	65000	-0.229292430644365	-0.034437435487342	0.182424702058505	1	-0.00470681280831086	-0.388005616058308	0.0814884208524546
Ivns1abp_Nudt19	0.167542170027798	0.0465492950031998	0.001765625	64000	-0.050217483411788	0.145423589979897	0.182791691004673	3	-0.234708420185064	0.0372163080619618	0.408644485631783
Fastkd2_Srm	0.165812649664532	-0.100702293496771	0.00178125	64000	-0.192265477825668	-0.00141631897708411	0.183047008547009	8	0.200231254877824	-0.122134123295248	-0.214688610401182
Fignl1_Tug1	0.166575070221048	0.00257432229242958	0.00178461538461538	65000	-0.0973291715417416	0.0987481408163128	0.183047008547009	8	0.233168527758119	0.162947767074465	-0.0850442828363436
Malat1_Smc4	0.167769092232605	0.121297755268703	0.001796875	64000	0.0218008170690466	0.218657493574795	0.183455141129032	8	0.41990170985875	0.20203219437506	-0.108626805709918
Ccna2_Mad2l1	0.152588965529105	0.408458371423998	0.00184	50000	0.311158706527612	0.507367296954526	0.185916083916084	7	0.0872041432662449	0.4238039184462	0.358639976846649
Ddx39_Spc24	0.163943479492111	0.22544543549865	0.00184615384615385	65000	0.125702373005695	0.322872668047413	0.185916083916084	4	-0.100436693229539	0.171365217899772	0.357901806014087
Smc4_Top2a	0.16450699727003	0.21656146163553	0.00183076923076923	65000	0.118310693314289	0.312512301797502	0.185916083916084	8	0.395937487154818	0.413734341441878	-0.0953985030084086
Cdca8_Ezh2	0.163995168918705	-0.0170813439905918	0.001921875	64000	-0.114246373774635	0.080898210554474	0.191917879417879	1	-0.0848047856187442	-0.126683060291782	0.241042945587725
Exosc8_Gtpbp4	0.167248107871239	0.0594410487262494	0.00192307692307692	65000	-0.0381559795481844	0.158312693405459	0.191917879417879	4	-0.313973341063521	0.0516378173314963	0.0773955177176909
H2afz_Krt8	0.165862618268478	0.0310153713720519	0.00195238095238095	63000	-0.0667219459826967	0.127294848422419	0.193968609865471	1	0.0239913330648362	-0.146965702528045	0.215964191799365
Bex1_Ccna2	0.166983776965138	0.0963079235767284	0.00196969696969697	66000	-0.00319537533689698	0.196088973666998	0.194815340909091	1	-0.244811624763538	-0.112578255970226	0.271902633238574
